{
  "id": "controller_support",
  "name": "controller_support",
  "metaData": {
    "name": "controller_support",
    "type": "app",
    "buildInfo": {
      "buildVersion": "1.0.0",
      "buildName": "controller-support"
    },
    "remoteEntry": {
      "name": "controller_support.js",
      "path": "",
      "type": "global"
    },
    "types": {
      "path": "",
      "name": "",
      "zip": "",
      "api": ""
    },
    "globalName": "controller_support",
    "pluginVersion": "0.13.1",
    "prefetchInterface": false,
    "publicPath": "auto"
  },
  "shared": [
    {
      "singleton": true,
      "requiredVersion": "19.1.0",
      "shareScope": "default",
      "name": "react",
      "version": "19.1.0",
      "eager": false,
      "id": "controller_support:react",
      "assets": {
        "js": {
          "async": [],
          "sync": [
            "153.js"
          ]
        },
        "css": {
          "async": [],
          "sync": []
        }
      },
      "usedIn": [
        "./Initializer",
        "./ControllerSupport"
      ]
    }
  ],
  "remotes": [],
  "exposes": [
    {
      "path": "./Initializer",
      "id": "controller_support:Initializer",
      "name": "Initializer",
      "requires": [
        "react"
      ],
      "file": "src\\components\\Initializer.tsx",
      "assets": {
        "js": {
          "sync": [
            "__federation_expose_Initializer.js"
          ],
          "async": []
        },
        "css": {
          "sync": [],
          "async": []
        }
      }
    },
    {
      "path": "./ControllerSupport",
      "id": "controller_support:ControllerSupport",
      "name": "ControllerSupport",
      "requires": [
        "react"
      ],
      "file": "src\\components\\ControllerSupport.tsx",
      "assets": {
        "js": {
          "sync": [
            "211.js",
            "__federation_expose_ControllerSupport.js"
          ],
          "async": []
        },
        "css": {
          "sync": [],
          "async": []
        }
      }
    }
  ]
}